{"cameraMode":{"drawMode":0,"name":"Shaded","section":"Shading Mode"},"sceneLighting":true,"audioPlay":false,"sceneViewState":{"showFog":true,"showMaterialUpdate":true,"showSkybox":true,"showFlares":true,"showImageEffects":true,"showParticleSystems":true},"in2DMode":false,"pivot":{"x":11.403648376464844,"y":-2.5167789459228517,"z":-2.1553573608398439},"rotation":{"x":0.23731033504009248,"y":-0.31313538551330569,"z":0.08112499862909317,"w":0.915995717048645},"size":19.00564956665039,"orthographic":false}