{"cameraMode":{"drawMode":0,"name":"Shaded","section":"Shading Mode"},"sceneLighting":true,"audioPlay":false,"sceneViewState":{"showFog":false,"showMaterialUpdate":false,"showSkybox":false,"showFlares":false,"showImageEffects":false,"showParticleSystems":false},"in2DMode":false,"pivot":{"x":68.62415313720703,"y":8.99765682220459,"z":17.502466201782228},"rotation":{"x":0.007197354454547167,"y":0.010799231007695198,"z":-0.00007906964310677722,"w":0.9999192357063294},"size":41.12416076660156,"orthographic":false}