{"cameraMode":{"drawMode":0,"name":"Shaded","section":"Shading Mode"},"sceneLighting":false,"audioPlay":false,"sceneViewState":{"showFog":false,"showMaterialUpdate":false,"showSkybox":false,"showFlares":false,"showImageEffects":false,"showParticleSystems":false},"in2DMode":false,"pivot":{"x":1.301476240158081,"y":0.5081392526626587,"z":40.457725524902347},"rotation":{"x":-0.0828842893242836,"y":0.2666134536266327,"z":-0.022958897054195405,"w":-0.9599855542182922},"size":22.0,"orthographic":false}