{"cameraMode":{"drawMode":0,"name":"Shaded","section":"Shading Mode"},"sceneLighting":false,"audioPlay":false,"sceneViewState":{"showFog":true,"showMaterialUpdate":true,"showSkybox":false,"showFlares":true,"showImageEffects":true,"showParticleSystems":true},"in2DMode":false,"pivot":{"x":-612.6243896484375,"y":62.436279296875,"z":-399.4210205078125},"rotation":{"x":-0.010123813524842263,"y":0.9843960404396057,"z":-0.1651287078857422,"w":-0.06031439080834389},"size":543.13818359375,"orthographic":false}