{"cameraMode":{"drawMode":0,"name":"Shaded","section":"Shading Mode"},"sceneLighting":true,"audioPlay":false,"sceneViewState":{"showFog":true,"showMaterialUpdate":true,"showSkybox":true,"showFlares":true,"showImageEffects":true,"showParticleSystems":true},"in2DMode":false,"pivot":{"x":-551.4764404296875,"y":10.861879348754883,"z":6.6077117919921879},"rotation":{"x":-0.08008146286010742,"y":0.48455700278282168,"z":-0.04461432248353958,"w":-0.8699560165405273},"size":24.912105560302736,"orthographic":false}