{"cameraMode":{"drawMode":0,"name":"Shaded","section":"Shading Mode"},"sceneLighting":false,"audioPlay":false,"sceneViewState":{"showFog":true,"showMaterialUpdate":true,"showSkybox":false,"showFlares":true,"showImageEffects":true,"showParticleSystems":true},"in2DMode":false,"pivot":{"x":83.19689178466797,"y":3.280698776245117,"z":-13.183902740478516},"rotation":{"x":0.05723099410533905,"y":-0.5396443605422974,"z":0.03680768981575966,"w":0.8391473889350891},"size":30.336139678955079,"orthographic":false}